ticker,sport,team,opponent,map_index,event_time,actual,last_fetched_at,yes_bid,yes_ask,our_p,graded_at
KXDOTA2MAP-26SEP260600XTREMEGL-1-GL,dota,GamerLegion,Xtreme Gaming,1,2026-09-26T06:00:00+00:00,0,2026-09-26T07:34:10+00:00,,0.06,0.46797607504960853,2026-09-26T10:06:46+00:00
KXDOTA2MAP-26SEP260600XTREMEGL-1-XTREME,dota,Xtreme Gaming,GamerLegion,1,2026-09-26T06:00:00+00:00,1,2026-09-26T07:34:10+00:00,0.94,0.98,0.5157016443630751,2026-09-26T10:06:46+00:00
KXDOTA2MAP-26SEP260600XTREMEGL-2-GL,dota,GamerLegion,Xtreme Gaming,2,2026-09-26T06:00:00+00:00,0,2026-09-26T07:34:10+00:00,0.35,0.42,0.46797607504960853,2026-09-26T10:06:46+00:00
KXDOTA2MAP-26SEP260600XTREMEGL-2-XTREME,dota,Xtreme Gaming,GamerLegion,2,2026-09-26T06:00:00+00:00,1,2026-09-26T07:34:10+00:00,0.58,0.64,0.5157016443630751,2026-09-26T10:06:46+00:00
KXCS2MAP-26SEP260400BWVEX-1-BW,cs2,Bushido Wildcats,Vexar,1,2026-09-26T04:00:00+00:00,0,2026-09-26T07:34:10+00:00,0.52,0.72,0.5611815366738625,2026-09-26T13:06:16+00:00
KXCS2MAP-26SEP260400BWVEX-1-VEX,cs2,Vexar,Bushido Wildcats,1,2026-09-26T04:00:00+00:00,1,2026-09-26T07:34:10+00:00,0.28,0.48,0.4439944238139039,2026-09-26T13:06:16+00:00
KXCS2MAP-26SEP260400BWVEX-2-BW,cs2,Bushido Wildcats,Vexar,2,2026-09-26T04:00:00+00:00,1,2026-09-26T10:01:27+00:00,0.58,0.74,0.560066684172708,2026-09-26T13:06:16+00:00
KXCS2MAP-26SEP260400BWVEX-2-VEX,cs2,Vexar,Bushido Wildcats,2,2026-09-26T04:00:00+00:00,0,2026-09-26T10:01:27+00:00,0.27,0.47,0.44338068525797947,2026-09-26T13:06:16+00:00
KXCS2MAP-26SEP2605003DMAXALL-1-3DMAX,cs2,3DMAX,Alliance,1,2026-09-26T05:00:00+00:00,1,2026-09-26T07:34:10+00:00,0.49,0.54,0.4408347003730626,2026-09-26T13:06:16+00:00
KXCS2MAP-26SEP2605003DMAXALL-1-ALL,cs2,Alliance,3DMAX,1,2026-09-26T05:00:00+00:00,0,2026-09-26T07:34:10+00:00,0.46,0.51,0.5935533603908468,2026-09-26T13:06:16+00:00
KXCS2MAP-26SEP2605003DMAXALL-2-3DMAX,cs2,3DMAX,Alliance,2,2026-09-26T05:00:00+00:00,1,2026-09-26T10:01:27+00:00,0.41,0.45,0.43974578151667876,2026-09-26T13:06:16+00:00
KXCS2MAP-26SEP2605003DMAXALL-2-ALL,cs2,Alliance,3DMAX,2,2026-09-26T05:00:00+00:00,0,2026-09-26T10:01:27+00:00,0.56,0.58,0.5917769162303821,2026-09-26T13:06:16+00:00
KXCS2MAP-26SEP260500ISFNC-1-FNC,cs2,fnatic,Iberian Soul,1,2026-09-26T05:00:00+00:00,1,2026-09-26T07:34:10+00:00,0.52,0.58,0.5638973880824567,2026-09-26T13:06:16+00:00
KXCS2MAP-26SEP260500ISFNC-1-IS,cs2,Iberian Soul,fnatic,1,2026-09-26T05:00:00+00:00,0,2026-09-26T07:34:10+00:00,0.44,0.48,0.4327132165715894,2026-09-26T13:06:16+00:00
KXCS2MAP-26SEP260500ISFNC-2-FNC,cs2,fnatic,Iberian Soul,2,2026-09-26T05:00:00+00:00,1,2026-09-26T10:01:27+00:00,0.63,0.69,0.5650751492198116,2026-09-26T13:06:16+00:00
KXCS2MAP-26SEP260500ISFNC-2-IS,cs2,Iberian Soul,fnatic,2,2026-09-26T05:00:00+00:00,0,2026-09-26T10:01:27+00:00,0.29,0.37,0.436438904333115,2026-09-26T13:06:16+00:00
KXCS2MAP-26SEP260700EXRENCE-1-ENCE,cs2,ENCE,ex-RUSTEC,1,2026-09-26T07:00:00+00:00,0,2026-09-26T07:34:10+00:00,0.33,0.38,0.40466638217359696,2026-09-26T13:06:16+00:00
KXCS2MAP-26SEP260700EXRENCE-1-EXR,cs2,ex-RUSTEC,ENCE,1,2026-09-26T07:00:00+00:00,1,2026-09-26T07:34:10+00:00,0.62,0.68,0.5727866569476943,2026-09-26T13:06:16+00:00
KXCS2MAP-26SEP260700EXRENCE-2-ENCE,cs2,ENCE,ex-RUSTEC,2,2026-09-26T07:00:00+00:00,0,2026-09-26T07:34:10+00:00,0.32,0.37,0.40164105824690743,2026-09-26T13:06:16+00:00
KXCS2MAP-26SEP260700EXRENCE-2-EXR,cs2,ex-RUSTEC,ENCE,2,2026-09-26T07:00:00+00:00,1,2026-09-26T07:34:10+00:00,0.27,0.68,0.5712152584169993,2026-09-26T13:06:16+00:00
KXCS2MAP-26SEP260800STAG2A-1-G2A,cs2,G2 Ares,STATE,1,2026-09-26T08:00:00+00:00,0,2026-09-26T07:34:10+00:00,0.07,0.84,0.4384454598563017,2026-09-26T13:06:16+00:00
KXCS2MAP-26SEP260800STAG2A-1-STA,cs2,STATE,G2 Ares,1,2026-09-26T08:00:00+00:00,1,2026-09-26T07:34:10+00:00,0.06,0.94,0.5598723657406174,2026-09-26T13:06:16+00:00
KXCS2MAP-26SEP260800STAG2A-2-G2A,cs2,G2 Ares,STATE,2,2026-09-26T08:00:00+00:00,1,2026-09-26T10:01:27+00:00,0.04,0.67,0.4357873386401811,2026-09-26T13:06:16+00:00
KXCS2MAP-26SEP260800STAG2A-2-STA,cs2,STATE,G2 Ares,2,2026-09-26T08:00:00+00:00,0,2026-09-26T10:01:27+00:00,0.26,0.95,0.5610525355226585,2026-09-26T13:06:16+00:00
KXVALORANTMAP-26SEP260500VITGE-2-GE,val,Global Esports,Team Vitality,2,2026-09-26T05:00:00+00:00,1,2026-09-26T10:01:27+00:00,0.5,0.51,0.5302453990603125,2026-09-26T13:06:16+00:00
KXVALORANTMAP-26SEP260500VITGE-2-VIT,val,Team Vitality,Global Esports,2,2026-09-26T05:00:00+00:00,0,2026-09-26T10:01:27+00:00,0.47,0.5,0.5222087235843561,2026-09-26T13:06:16+00:00
KXCS2MAP-26SEP260600AST100T-1-100T,cs2,100 Thieves,Astralis,1,2026-09-26T06:00:00+00:00,1,2026-09-26T10:01:27+00:00,0.41,0.65,0.528957131078161,2026-09-26T16:06:48+00:00
KXCS2MAP-26SEP260600AST100T-1-AST,cs2,Astralis,100 Thieves,1,2026-09-26T06:00:00+00:00,0,2026-09-26T10:01:27+00:00,0.35,0.61,0.47752843353785007,2026-09-26T16:06:48+00:00
KXCS2MAP-26SEP260600AST100T-2-100T,cs2,100 Thieves,Astralis,2,2026-09-26T06:00:00+00:00,0,2026-09-26T10:01:27+00:00,0.36,0.55,0.5273575460424487,2026-09-26T16:06:48+00:00
KXCS2MAP-26SEP260600AST100T-2-AST,cs2,Astralis,100 Thieves,2,2026-09-26T06:00:00+00:00,1,2026-09-26T10:01:27+00:00,0.42,0.65,0.47549434823716624,2026-09-26T16:06:48+00:00
KXCS2MAP-26SEP2607004MOPT-1-4M,cs2,Four Magic,Optibet,1,2026-09-26T07:00:00+00:00,1,2026-09-26T10:01:27+00:00,0.2,0.71,0.5138466491811104,2026-09-26T16:06:48+00:00
KXCS2MAP-26SEP2607004MOPT-1-OPT,cs2,Optibet,Four Magic,1,2026-09-26T07:00:00+00:00,0,2026-09-26T10:01:27+00:00,0.16,0.79,0.49450029861427014,2026-09-26T16:06:48+00:00
KXCS2MAP-26SEP2607004MOPT-2-4M,cs2,Four Magic,Optibet,2,2026-09-26T07:00:00+00:00,0,2026-09-26T10:01:27+00:00,0.27,0.74,0.516936491271812,2026-09-26T16:06:48+00:00
KXCS2MAP-26SEP2607004MOPT-2-OPT,cs2,Optibet,Four Magic,2,2026-09-26T07:00:00+00:00,1,2026-09-26T10:01:27+00:00,0.27,0.7,0.4963871179588214,2026-09-26T16:06:48+00:00
KXCS2MAP-26SEP260700MAYTSA-1-MAY,cs2,MAYBE,Spirit Academy,1,2026-09-26T07:00:00+00:00,0,2026-09-26T10:01:27+00:00,0.15,0.31,0.3119674062323195,2026-09-26T16:06:48+00:00
KXCS2MAP-26SEP260700MAYTSA-1-TSA,cs2,Spirit Academy,MAYBE,1,2026-09-26T07:00:00+00:00,1,2026-09-26T10:01:27+00:00,0.68,0.78,0.7081427556891066,2026-09-26T16:06:48+00:00
KXCS2MAP-26SEP260700MAYTSA-2-MAY,cs2,MAYBE,Spirit Academy,2,2026-09-26T07:00:00+00:00,0,2026-09-26T13:00:29+00:00,,0.01,0.3164819986870053,2026-09-26T16:06:48+00:00
KXCS2MAP-26SEP260700MAYTSA-2-TSA,cs2,Spirit Academy,MAYBE,2,2026-09-26T07:00:00+00:00,1,2026-09-26T13:00:29+00:00,0.99,,0.6957726105091314,2026-09-26T16:06:48+00:00
KXCS2MAP-26SEP260700MEGMEL-1-MEG,cs2,megoshort,mellren,1,2026-09-26T07:00:00+00:00,1,2026-09-26T10:01:27+00:00,0.4,0.44,0.48802387067013614,2026-09-26T16:06:48+00:00
KXCS2MAP-26SEP260700MEGMEL-1-MEL,cs2,mellren,megoshort,1,2026-09-26T07:00:00+00:00,0,2026-09-26T10:01:27+00:00,0.56,0.6,0.4937943294553489,2026-09-26T16:06:48+00:00
KXCS2MAP-26SEP260700MEGMEL-2-MEG,cs2,megoshort,mellren,2,2026-09-26T07:00:00+00:00,0,2026-09-26T10:01:27+00:00,0.36,0.4,0.48689309589981417,2026-09-26T16:06:48+00:00
KXCS2MAP-26SEP260700MEGMEL-2-MEL,cs2,mellren,megoshort,2,2026-09-26T07:00:00+00:00,1,2026-09-26T10:01:27+00:00,0.62,0.65,0.49364615473672563,2026-09-26T16:06:48+00:00
KXCS2MAP-26SEP260700SPARTAFOK-1-FOK,cs2,FOKUS,SPARTA,1,2026-09-26T07:00:00+00:00,0,2026-09-26T10:01:27+00:00,0.57,0.6,0.5839563021599692,2026-09-26T16:06:48+00:00
KXCS2MAP-26SEP260700SPARTAFOK-1-SPARTA,cs2,SPARTA,FOKUS,1,2026-09-26T07:00:00+00:00,1,2026-09-26T10:01:27+00:00,0.4,0.43,0.41729266100119977,2026-09-26T16:06:48+00:00
KXCS2MAP-26SEP260700SPARTAFOK-2-FOK,cs2,FOKUS,SPARTA,2,2026-09-26T07:00:00+00:00,1,2026-09-26T13:00:29+00:00,0.44,0.58,0.5845839101936404,2026-09-26T16:06:48+00:00
KXCS2MAP-26SEP260700SPARTAFOK-2-SPARTA,cs2,SPARTA,FOKUS,2,2026-09-26T07:00:00+00:00,0,2026-09-26T13:00:29+00:00,0.39,0.56,0.42280471264668723,2026-09-26T16:06:48+00:00
KXCS2MAP-26SEP260800K27EYE-1-EYE,cs2,EYEBALLERS,K27,1,2026-09-26T08:00:00+00:00,0,2026-09-26T13:00:29+00:00,0.13,0.29,0.3723802827989957,2026-09-26T16:06:48+00:00
KXCS2MAP-26SEP260800K27EYE-1-K27,cs2,K27,EYEBALLERS,1,2026-09-26T08:00:00+00:00,1,2026-09-26T13:00:29+00:00,0.67,0.88,0.6165815623130522,2026-09-26T16:06:48+00:00
KXCS2MAP-26SEP260800K27EYE-2-EYE,cs2,EYEBALLERS,K27,2,2026-09-26T08:00:00+00:00,0,2026-09-26T13:00:29+00:00,0.4,0.47,0.3710359792431552,2026-09-26T16:06:48+00:00
KXCS2MAP-26SEP260800K27EYE-2-K27,cs2,K27,EYEBALLERS,2,2026-09-26T08:00:00+00:00,1,2026-09-26T13:00:29+00:00,0.38,0.59,0.6176651473901235,2026-09-26T16:06:48+00:00
KXCS2MAP-26SEP260900RALEG-1-LEG,cs2,Legion,Rare Atom,1,2026-09-26T09:00:00+00:00,0,2026-09-26T13:00:29+00:00,0.04,0.72,0.2083966742995328,2026-09-26T16:06:48+00:00
KXCS2MAP-26SEP260900RALEG-1-RA,cs2,Rare Atom,Legion,1,2026-09-26T09:00:00+00:00,1,2026-09-26T13:00:29+00:00,0.29,0.88,0.8054783452570052,2026-09-26T16:06:48+00:00
KXCS2MAP-26SEP260900RALEG-2-LEG,cs2,Legion,Rare Atom,2,2026-09-26T09:00:00+00:00,0,2026-09-26T13:00:29+00:00,0.04,0.57,0.21247850308020544,2026-09-26T16:06:48+00:00
KXCS2MAP-26SEP260900RALEG-2-RA,cs2,Rare Atom,Legion,2,2026-09-26T09:00:00+00:00,1,2026-09-26T13:00:29+00:00,0.47,0.87,0.8052571866943046,2026-09-26T16:06:48+00:00
KXCS2MAP-26SEP261300BLANEMI-1-BLA,cs2,Black Phoenix,Nemiga,1,2026-09-26T13:00:00+00:00,0,2026-09-26T10:01:27+00:00,0.06,0.72,0.2867533173903767,2026-09-26T16:06:48+00:00
KXCS2MAP-26SEP261300BLANEMI-1-NEMI,cs2,Nemiga,Black Phoenix,1,2026-09-26T13:00:00+00:00,1,2026-09-26T10:01:27+00:00,0.2,0.93,0.7252801429575698,2026-09-26T16:06:48+00:00
KXCS2MAP-26SEP261300BLANEMI-2-BLA,cs2,Black Phoenix,Nemiga,2,2026-09-26T13:00:00+00:00,1,2026-09-26T13:00:29+00:00,,,0.291527234039747,2026-09-26T16:06:48+00:00
KXCS2MAP-26SEP261300BLANEMI-2-NEMI,cs2,Nemiga,Black Phoenix,2,2026-09-26T13:00:00+00:00,0,2026-09-26T13:00:29+00:00,,,0.705836087715094,2026-09-26T16:06:48+00:00
KXCS2MAP-26SEP261300NRGWC-1-NRG,cs2,NRG,Wildcard,1,2026-09-26T13:00:00+00:00,1,2026-09-26T13:00:29+00:00,0.26,0.63,0.6319151658608619,2026-09-26T16:06:48+00:00
KXCS2MAP-26SEP261300NRGWC-1-WC,cs2,Wildcard,NRG,1,2026-09-26T13:00:00+00:00,0,2026-09-26T13:00:29+00:00,0.36,0.75,0.397446545961165,2026-09-26T16:06:48+00:00
KXCS2MAP-26SEP261300NRGWC-2-NRG,cs2,NRG,Wildcard,2,2026-09-26T13:00:00+00:00,1,2026-09-26T13:00:29+00:00,0.6,0.65,0.6319151658608619,2026-09-26T16:06:48+00:00
KXCS2MAP-26SEP261300NRGWC-2-WC,cs2,Wildcard,NRG,2,2026-09-26T13:00:00+00:00,0,2026-09-26T13:00:29+00:00,0.35,0.4,0.397446545961165,2026-09-26T16:06:48+00:00
KXDOTA2MAP-26SEP260900TYLGD-1-LGD,dota,LGD Gaming,Team Yandex,1,2026-09-26T09:00:00+00:00,0,2026-09-26T13:00:29+00:00,,,0.2792134052568174,2026-09-26T16:06:48+00:00
KXDOTA2MAP-26SEP260900TYLGD-1-TY,dota,Team Yandex,LGD Gaming,1,2026-09-26T09:00:00+00:00,1,2026-09-26T13:00:29+00:00,,,0.6910618878382316,2026-09-26T16:06:48+00:00
KXDOTA2MAP-26SEP260900TYLGD-2-LGD,dota,LGD Gaming,Team Yandex,2,2026-09-26T09:00:00+00:00,0,2026-09-26T13:00:29+00:00,0.26,0.31,0.2792134052568174,2026-09-26T16:06:48+00:00
KXDOTA2MAP-26SEP260900TYLGD-2-TY,dota,Team Yandex,LGD Gaming,2,2026-09-26T09:00:00+00:00,1,2026-09-26T13:00:29+00:00,0.68,0.74,0.6910618878382316,2026-09-26T16:06:48+00:00
KXVALORANTMAP-26SEP260800EDGLOUD-1-EDG,val,EDward Gaming,LOUD,1,2026-09-26T08:00:00+00:00,0,2026-09-26T13:00:29+00:00,,0.03,0.38260908748141365,2026-09-26T16:06:48+00:00
KXVALORANTMAP-26SEP260800EDGLOUD-1-LOUD,val,LOUD,EDward Gaming,1,2026-09-26T08:00:00+00:00,1,2026-09-26T13:00:29+00:00,0.97,,0.6227908572718739,2026-09-26T16:06:48+00:00
KXVALORANTMAP-26SEP260800EDGLOUD-2-EDG,val,EDward Gaming,LOUD,2,2026-09-26T08:00:00+00:00,0,2026-09-26T13:00:29+00:00,0.26,0.29,0.38478028291761973,2026-09-26T16:06:48+00:00
KXVALORANTMAP-26SEP260800EDGLOUD-2-LOUD,val,LOUD,EDward Gaming,2,2026-09-26T08:00:00+00:00,1,2026-09-26T13:00:29+00:00,0.68,0.72,0.6214257706958349,2026-09-26T16:06:48+00:00
KXCS2MAP-26SEP260900SNGHERO-1-HERO,cs2,HEROIC,Sangal,1,2026-09-26T09:00:00+00:00,1,2026-09-26T13:00:29+00:00,0.67,0.74,0.673722332539527,2026-09-26T19:07:28+00:00
KXCS2MAP-26SEP260900SNGHERO-1-SNG,cs2,Sangal,HEROIC,1,2026-09-26T09:00:00+00:00,0,2026-09-26T13:00:29+00:00,0.26,0.33,0.31582973071828524,2026-09-26T19:07:28+00:00
KXCS2MAP-26SEP260900SNGHERO-2-HERO,cs2,HEROIC,Sangal,2,2026-09-26T09:00:00+00:00,0,2026-09-26T13:00:29+00:00,0.37,0.78,0.6753631422757951,2026-09-26T19:07:28+00:00
KXCS2MAP-26SEP260900SNGHERO-2-SNG,cs2,Sangal,HEROIC,2,2026-09-26T09:00:00+00:00,1,2026-09-26T13:00:29+00:00,0.1,0.33,0.31577862883005725,2026-09-26T19:07:28+00:00
KXCS2MAP-26SEP261000BTFIS-1-BTF,cs2,Butterfly,Iberian Soul,1,2026-09-26T10:00:00+00:00,1,2026-09-26T13:00:29+00:00,0.07,0.6,0.4259246753129425,2026-09-26T19:07:28+00:00
KXCS2MAP-26SEP261000BTFIS-1-IS,cs2,Iberian Soul,Butterfly,1,2026-09-26T10:00:00+00:00,0,2026-09-26T13:00:29+00:00,0.17,0.72,0.572349902771115,2026-09-26T19:07:28+00:00
KXCS2MAP-26SEP261000BTFIS-2-BTF,cs2,Butterfly,Iberian Soul,2,2026-09-26T10:00:00+00:00,0,2026-09-26T16:00:39+00:00,0.07,0.25,0.3934618008356191,2026-09-26T19:07:28+00:00
KXCS2MAP-26SEP261000BTFIS-2-IS,cs2,Iberian Soul,Butterfly,2,2026-09-26T10:00:00+00:00,1,2026-09-26T16:00:39+00:00,0.55,0.94,0.6018198545938277,2026-09-26T19:07:28+00:00
KXCS2MAP-26SEP261000EPPHAC-1-EP,cs2,eternal premium,Phantom Academy,1,2026-09-26T10:00:00+00:00,0,2026-09-26T13:00:29+00:00,0.09,0.69,0.46561961062540397,2026-09-26T19:07:28+00:00
KXCS2MAP-26SEP261000EPPHAC-1-PHAC,cs2,Phantom Academy,eternal premium,1,2026-09-26T10:00:00+00:00,1,2026-09-26T13:00:29+00:00,0.22,0.65,0.5261383262098404,2026-09-26T19:07:28+00:00
KXCS2MAP-26SEP261000EPPHAC-2-EP,cs2,eternal premium,Phantom Academy,2,2026-09-26T10:00:00+00:00,0,2026-09-26T13:00:29+00:00,0.24,0.71,0.46303011987289117,2026-09-26T19:07:28+00:00
KXCS2MAP-26SEP261000EPPHAC-2-PHAC,cs2,Phantom Academy,eternal premium,2,2026-09-26T10:00:00+00:00,1,2026-09-26T13:00:29+00:00,0.55,0.66,0.5261383262098404,2026-09-26T19:07:28+00:00
KXCS2MAP-26SEP261200MOUZNSAW-1-MOUZN,cs2,MOUZ NXT,SAW,1,2026-09-26T12:00:00+00:00,0,2026-09-26T16:00:39+00:00,0.03,0.62,0.4435453321450528,2026-09-26T19:07:28+00:00
KXCS2MAP-26SEP261200MOUZNSAW-1-SAW,cs2,SAW,MOUZ NXT,1,2026-09-26T12:00:00+00:00,1,2026-09-26T16:00:39+00:00,0.28,0.97,0.5296717124076072,2026-09-26T19:07:28+00:00
KXCS2MAP-26SEP261200MOUZNSAW-2-MOUZN,cs2,MOUZ NXT,SAW,2,2026-09-26T12:00:00+00:00,0,2026-09-26T16:00:39+00:00,0.04,0.64,0.44354373946526904,2026-09-26T19:07:28+00:00
KXCS2MAP-26SEP261200MOUZNSAW-2-SAW,cs2,SAW,MOUZ NXT,2,2026-09-26T12:00:00+00:00,1,2026-09-26T16:00:39+00:00,0.36,0.81,0.5315961254419875,2026-09-26T19:07:28+00:00
KXCS2MAP-26SEP261230GLSPAIN-1-GLS,cs2,Galorys,paiN,1,2026-09-26T12:30:00+00:00,0,2026-09-26T16:00:39+00:00,0.43,0.57,0.5627137184032737,2026-09-26T19:07:28+00:00
KXCS2MAP-26SEP261230GLSPAIN-1-PAIN,cs2,paiN,Galorys,1,2026-09-26T12:30:00+00:00,1,2026-09-26T16:00:39+00:00,0.49,0.54,0.43142329478827207,2026-09-26T19:07:28+00:00
KXCS2MAP-26SEP261230GLSPAIN-2-GLS,cs2,Galorys,paiN,2,2026-09-26T12:30:00+00:00,0,2026-09-26T16:00:39+00:00,0.32,0.45,0.5655972448962566,2026-09-26T19:07:28+00:00
KXCS2MAP-26SEP261230GLSPAIN-2-PAIN,cs2,paiN,Galorys,2,2026-09-26T12:30:00+00:00,1,2026-09-26T16:00:39+00:00,0.55,0.64,0.43142329478827207,2026-09-26T19:07:28+00:00
KXDOTA2MAP-26SEP261200XTREMENAVI-2-NAVI,dota,Natus Vincere,Xtreme Gaming,2,2026-09-26T12:00:00+00:00,1,2026-09-26T16:00:39+00:00,0.57,0.61,0.704058772745473,2026-09-26T19:07:28+00:00
KXDOTA2MAP-26SEP261200XTREMENAVI-2-XTREME,dota,Xtreme Gaming,Natus Vincere,2,2026-09-26T12:00:00+00:00,0,2026-09-26T16:00:39+00:00,0.39,0.41,0.29479164648180434,2026-09-26T19:07:28+00:00
KXCS2MAP-26SEP261100NTREF-1-EF,cs2,Eternal Fire,Nuclear TigeRES,1,2026-09-26T11:00:00+00:00,0,2026-09-26T16:00:39+00:00,0.05,0.09,0.4457680766876596,2026-09-26T22:08:09+00:00
KXCS2MAP-26SEP261100NTREF-1-NTR,cs2,Nuclear TigeRES,Eternal Fire,1,2026-09-26T11:00:00+00:00,1,2026-09-26T16:00:39+00:00,0.89,0.95,0.5819761558008617,2026-09-26T22:08:09+00:00
KXCS2MAP-26SEP261100NTREF-2-EF,cs2,Eternal Fire,Nuclear TigeRES,2,2026-09-26T11:00:00+00:00,1,2026-09-26T16:00:39+00:00,0.45,0.63,0.4457680766876596,2026-09-26T22:08:09+00:00
KXCS2MAP-26SEP261100NTREF-2-NTR,cs2,Nuclear TigeRES,Eternal Fire,2,2026-09-26T11:00:00+00:00,0,2026-09-26T16:00:39+00:00,0.27,0.42,0.5819761558008617,2026-09-26T22:08:09+00:00
KXCS2MAP-26SEP261200INFG1-1-G1,cs2,GenOne,INFINITE,1,2026-09-26T12:00:00+00:00,1,2026-09-26T16:00:39+00:00,0.29,0.97,0.6027698352631794,2026-09-26T22:08:09+00:00
KXCS2MAP-26SEP261200INFG1-1-INF,cs2,INFINITE,GenOne,1,2026-09-26T12:00:00+00:00,0,2026-09-26T16:00:39+00:00,0.03,0.71,0.3688420396132178,2026-09-26T22:08:09+00:00
KXCS2MAP-26SEP261200INFG1-2-G1,cs2,GenOne,INFINITE,2,2026-09-26T12:00:00+00:00,0,2026-09-26T16:00:39+00:00,0.26,0.72,0.6013929347644789,2026-09-26T22:08:09+00:00
KXCS2MAP-26SEP261200INFG1-2-INF,cs2,INFINITE,GenOne,2,2026-09-26T12:00:00+00:00,1,2026-09-26T16:00:39+00:00,0.26,0.74,0.37180919051643546,2026-09-26T22:08:09+00:00
KXCS2MAP-26SEP261300AIMMZP-1-AIM,cs2,aimclub,Metizport,1,2026-09-26T13:00:00+00:00,0,2026-09-26T16:00:39+00:00,0.07,0.33,0.39146359586872403,2026-09-26T22:08:09+00:00
KXCS2MAP-26SEP261300AIMMZP-1-MZP,cs2,Metizport,aimclub,1,2026-09-26T13:00:00+00:00,1,2026-09-26T16:00:39+00:00,0.67,0.88,0.621902505356197,2026-09-26T22:08:09+00:00
KXCS2MAP-26SEP261300AIMMZP-2-AIM,cs2,aimclub,Metizport,2,2026-09-26T13:00:00+00:00,1,2026-09-26T16:00:39+00:00,0.09,0.27,0.3894928196894122,2026-09-26T22:08:09+00:00
KXCS2MAP-26SEP261300AIMMZP-2-MZP,cs2,Metizport,aimclub,2,2026-09-26T13:00:00+00:00,0,2026-09-26T16:00:39+00:00,0.7,0.79,0.6256759864953734,2026-09-26T22:08:09+00:00
KXCS2MAP-26SEP261300ILLNOI-1-ILL,cs2,Illyrians,Noir Verse,1,2026-09-26T13:00:00+00:00,0,2026-09-26T16:00:39+00:00,0.08,0.71,0.540611481731697,2026-09-26T22:08:09+00:00
KXCS2MAP-26SEP261300ILLNOI-1-NOI,cs2,Noir Verse,Illyrians,1,2026-09-26T13:00:00+00:00,1,2026-09-26T16:00:39+00:00,0.06,0.43,0.44446724499343987,2026-09-26T22:08:09+00:00
KXCS2MAP-26SEP261300ILLNOI-2-ILL,cs2,Illyrians,Noir Verse,2,2026-09-26T13:00:00+00:00,0,2026-09-26T16:00:39+00:00,0.27,0.72,0.5417666978927247,2026-09-26T22:08:09+00:00
KXCS2MAP-26SEP261300ILLNOI-2-NOI,cs2,Noir Verse,Illyrians,2,2026-09-26T13:00:00+00:00,1,2026-09-26T16:00:39+00:00,0.27,0.43,0.44371653841028147,2026-09-26T22:08:09+00:00
KXCS2MAP-26SEP261300M80VOC-1-M80,cs2,M80,Voca,1,2026-09-26T13:00:00+00:00,1,2026-09-26T16:00:39+00:00,0.63,0.78,0.5794335685906822,2026-09-26T22:08:09+00:00
KXCS2MAP-26SEP261300M80VOC-1-VOC,cs2,Voca,M80,1,2026-09-26T13:00:00+00:00,0,2026-09-26T16:00:39+00:00,0.34,0.37,0.4615125748736246,2026-09-26T22:08:09+00:00
KXCS2MAP-26SEP261300M80VOC-2-M80,cs2,M80,Voca,2,2026-09-26T13:00:00+00:00,1,2026-09-26T19:00:50+00:00,0.99,,0.5668239598227098,2026-09-26T22:08:09+00:00
KXCS2MAP-26SEP261300M80VOC-2-VOC,cs2,Voca,M80,2,2026-09-26T13:00:00+00:00,0,2026-09-26T19:00:50+00:00,,0.01,0.4396286638730776,2026-09-26T22:08:09+00:00
KXCS2MAP-26SEP261300QUASIN-1-QUA,cs2,QUAZAR,SINNERS,1,2026-09-26T13:00:00+00:00,0,2026-09-26T16:00:39+00:00,0.41,0.46,0.4323521255460655,2026-09-26T22:08:09+00:00
KXCS2MAP-26SEP261300QUASIN-1-SIN,cs2,SINNERS,QUAZAR,1,2026-09-26T13:00:00+00:00,1,2026-09-26T16:00:39+00:00,0.54,0.57,0.5839353413870982,2026-09-26T22:08:09+00:00
KXCS2MAP-26SEP261300QUASIN-2-QUA,cs2,QUAZAR,SINNERS,2,2026-09-26T13:00:00+00:00,0,2026-09-26T19:00:50+00:00,0.58,0.67,0.4212198328899661,2026-09-26T22:08:09+00:00
KXCS2MAP-26SEP261300QUASIN-2-SIN,cs2,SINNERS,QUAZAR,2,2026-09-26T13:00:00+00:00,1,2026-09-26T19:00:50+00:00,0.29,0.42,0.572551283779194,2026-09-26T22:08:09+00:00
KXCS2MAP-26SEP261310100THERO-2-100T,cs2,100 Thieves,HEROIC,2,2026-09-26T13:10:00+00:00,0,2026-09-26T19:00:50+00:00,0.21,0.55,0.40925983819367034,2026-09-26T22:08:09+00:00
KXCS2MAP-26SEP261310100THERO-2-HERO,cs2,HEROIC,100 Thieves,2,2026-09-26T13:10:00+00:00,1,2026-09-26T19:00:50+00:00,0.2,0.72,0.5720491334738596,2026-09-26T22:08:09+00:00
KXCS2MAP-26SEP261330EXRK27-1-EXR,cs2,ex-RUBY,K27,1,2026-09-26T13:30:00+00:00,0,2026-09-26T19:00:50+00:00,0.04,0.14,0.4473125535324151,2026-09-26T22:08:09+00:00
KXCS2MAP-26SEP261330EXRK27-1-K27,cs2,K27,ex-RUBY,1,2026-09-26T13:30:00+00:00,1,2026-09-26T19:00:50+00:00,0.63,0.91,0.5716397824311537,2026-09-26T22:08:09+00:00
KXCS2MAP-26SEP261330EXRK27-2-EXR,cs2,ex-RUBY,K27,2,2026-09-26T13:30:00+00:00,0,2026-09-26T19:00:50+00:00,0.3,0.43,0.4473125535324151,2026-09-26T22:08:09+00:00
KXCS2MAP-26SEP261330EXRK27-2-K27,cs2,K27,ex-RUBY,2,2026-09-26T13:30:00+00:00,1,2026-09-26T19:00:50+00:00,0.57,0.68,0.5716397824311537,2026-09-26T22:08:09+00:00
KXCS2MAP-26SEP261400OTLILMIX-1-LILMIX,cs2,Lilmix,overTIME,1,2026-09-26T14:00:00+00:00,1,2026-09-26T16:00:39+00:00,0.1,0.84,0.3618963802788537,2026-09-26T22:08:09+00:00
KXCS2MAP-26SEP261400OTLILMIX-1-OT,cs2,overTIME,Lilmix,1,2026-09-26T14:00:00+00:00,0,2026-09-26T16:00:39+00:00,0.06,0.88,0.6392222984770113,2026-09-26T22:08:09+00:00
KXCS2MAP-26SEP261400OTLILMIX-2-LILMIX,cs2,Lilmix,overTIME,2,2026-09-26T14:00:00+00:00,0,2026-09-26T19:00:50+00:00,0.04,0.94,0.3478114635802344,2026-09-26T22:08:09+00:00
KXCS2MAP-26SEP261400OTLILMIX-2-OT,cs2,overTIME,Lilmix,2,2026-09-26T14:00:00+00:00,1,2026-09-26T19:00:50+00:00,0.03,0.95,0.6602845090067821,2026-09-26T22:08:09+00:00
