id,created_at,book,slip_type,size,ev,hit_prob,legs_json,link
1,2026-09-25T05:39:51+00:00,prizepicks,POWER,3,0.5529812106565877,0.25883020177609795,"[{""projection_id"": ""15199454"", ""player"": ""bzm"", ""team"": ""1win"", ""opponent"": ""GL"", ""sport"": ""dota"", ""stat_type"": ""MAPS 1-2 Kills"", ""line"": 17.0, ""lean"": ""UNDER"", ""prob"": 0.6985321905609976, ""ev"": 0.28363541172400697, ""projection"": 13.840175820615805, ""start_time"": ""2026-09-25T06:00:00.000-04:00""}, {""projection_id"": ""15199441"", ""player"": ""Jhocam"", ""team"": ""Nem"", ""opponent"": ""NAVI"", ""sport"": ""dota"", ""stat_type"": ""MAPS 1-2 Kills"", ""line"": 4.0, ""lean"": ""OVER"", ""prob"": 0.6067029504439988, ""ev"": 0.215237364784428, ""projection"": 5.5328328326786185, ""start_time"": ""2026-09-25T03:00:00.000-04:00""}, {""projection_id"": ""15199474"", ""player"": ""Stojkov"", ""team"": ""Aurora"", ""opponent"": ""Yandex"", ""sport"": ""dota"", ""stat_type"": ""MAPS 1-2 Kills"", ""line"": 14.0, ""lean"": ""UNDER"", ""prob"": 0.6107344517184943, ""ev"": 0.13980650049240895, ""projection"": 12.140165044531091, ""start_time"": ""2026-09-25T12:00:00.000-04:00""}]","https://app.prizepicks.com/?projections=15199454-u-17,15199441-o-4,15199474-u-14"
2,2026-09-25T05:39:51+00:00,prizepicks,FLEX,4,0.6778109167285764,0.5710835770279052,"[{""projection_id"": ""15199454"", ""player"": ""bzm"", ""team"": ""1win"", ""opponent"": ""GL"", ""sport"": ""dota"", ""stat_type"": ""MAPS 1-2 Kills"", ""line"": 17.0, ""lean"": ""UNDER"", ""prob"": 0.6985321905609976, ""ev"": 0.28363541172400697, ""projection"": 13.840175820615805, ""start_time"": ""2026-09-25T06:00:00.000-04:00""}, {""projection_id"": ""15199441"", ""player"": ""Jhocam"", ""team"": ""Nem"", ""opponent"": ""NAVI"", ""sport"": ""dota"", ""stat_type"": ""MAPS 1-2 Kills"", ""line"": 4.0, ""lean"": ""OVER"", ""prob"": 0.6067029504439988, ""ev"": 0.215237364784428, ""projection"": 5.5328328326786185, ""start_time"": ""2026-09-25T03:00:00.000-04:00""}, {""projection_id"": ""15199455"", ""player"": ""33"", ""team"": ""1win"", ""opponent"": ""GL"", ""sport"": ""dota"", ""stat_type"": ""MAPS 1-2 Kills"", ""line"": 11.5, ""lean"": ""UNDER"", ""prob"": 0.678951678951679, ""ev"": 0.20736579109112774, ""projection"": 9.27942916870493, ""start_time"": ""2026-09-25T06:00:00.000-04:00""}, {""projection_id"": ""15199443"", ""player"": ""gotthejuice"", ""team"": ""NAVI"", ""opponent"": ""Nem"", ""sport"": ""dota"", ""stat_type"": ""MAPS 1-2 Kills"", ""line"": 17.0, ""lean"": ""UNDER"", ""prob"": 0.634201678951679, ""ev"": 0.17253778749188597, ""projection"": 14.412405785925909, ""start_time"": ""2026-09-25T03:00:00.000-04:00""}]","https://app.prizepicks.com/?projections=15199454-u-17,15199441-o-4,15199455-u-11.5,15199443-u-17"
3,2026-09-25T05:39:51+00:00,prizepicks,FLEX,4,0.487676841564653,0.5249526310634086,"[{""projection_id"": ""15199450"", ""player"": ""Fayde"", ""team"": ""GL"", ""opponent"": ""1win"", ""sport"": ""dota"", ""stat_type"": ""MAPS 1-2 Kills"", ""line"": 7.5, ""lean"": ""OVER"", ""prob"": 0.6697247706422018, ""ev"": 0.1909577700260675, ""projection"": 9.920663661277334, ""start_time"": ""2026-09-25T06:00:00.000-04:00""}, {""projection_id"": ""15199474"", ""player"": ""Stojkov"", ""team"": ""Aurora"", ""opponent"": ""Yandex"", ""sport"": ""dota"", ""stat_type"": ""MAPS 1-2 Kills"", ""line"": 14.0, ""lean"": ""UNDER"", ""prob"": 0.6107344517184943, ""ev"": 0.13980650049240895, ""projection"": 12.140165044531091, ""start_time"": ""2026-09-25T12:00:00.000-04:00""}, {""projection_id"": ""15199448"", ""player"": ""Timado"", ""team"": ""GL"", ""opponent"": ""1win"", ""sport"": ""dota"", ""stat_type"": ""MAPS 1-2 Kills"", ""line"": 13.0, ""lean"": ""OVER"", ""prob"": 0.6067029504439988, ""ev"": 0.13793736478442797, ""projection"": 15.540095946219822, ""start_time"": ""2026-09-25T06:00:00.000-04:00""}, {""projection_id"": ""15199442"", ""player"": ""NARMAN"", ""team"": ""Nem"", ""opponent"": ""NAVI"", ""sport"": ""dota"", ""stat_type"": ""MAPS 1-2 Kills"", ""line"": 4.5, ""lean"": ""OVER"", ""prob"": 0.6270676691729323, ""ev"": 0.11510152479132452, ""projection"": 5.918956782222253, ""start_time"": ""2026-09-25T03:00:00.000-04:00""}]","https://app.prizepicks.com/?projections=15199450-o-7.5,15199474-u-14,15199448-o-13,15199442-o-4.5"
4,2026-09-25T13:04:47+00:00,prizepicks,POWER,3,4.982017994,0.997002999,"[{""projection_id"": ""15198661"", ""player"": ""MarKE"", ""team"": ""Voca"", ""opponent"": ""DENDELE"", ""sport"": ""cs2"", ""stat_type"": ""MAPS 1-2 Kills"", ""line"": 26.0, ""lean"": ""OVER"", ""prob"": 0.999, ""ev"": 0.8266011306288839, ""projection"": 29.412707898734133, ""start_time"": ""2026-09-25T16:00:00.000-04:00""}, {""projection_id"": ""15194515"", ""player"": ""Ro1f"", ""team"": ""EYEBALLERS"", ""opponent"": ""magic"", ""sport"": ""cs2"", ""stat_type"": ""MAPS 1-2 Kills"", ""line"": 25.0, ""lean"": ""OVER"", ""prob"": 0.999, ""ev"": 0.8258011306288837, ""projection"": 28.99897844935759, ""start_time"": ""2026-09-25T11:00:00.000-04:00""}, {""projection_id"": ""15200466"", ""player"": ""timo"", ""team"": ""BESTIA"", ""opponent"": ""M80"", ""sport"": ""cs2"", ""stat_type"": ""MAPS 1-2 Kills"", ""line"": 25.0, ""lean"": ""OVER"", ""prob"": 0.999, ""ev"": 0.8228011306288838, ""projection"": 29.470228878627683, ""start_time"": ""2026-09-25T16:00:00.000-04:00""}]","https://app.prizepicks.com/?projections=15198661-o-26,15194515-o-25,15200466-o-25"
5,2026-09-25T13:04:47+00:00,prizepicks,POWER,3,4.982017994,0.997002999,"[{""projection_id"": ""15198662"", ""player"": ""nosraC"", ""team"": ""Voca"", ""opponent"": ""DENDELE"", ""sport"": ""cs2"", ""stat_type"": ""MAPS 1-2 Kills"", ""line"": 24.0, ""lean"": ""OVER"", ""prob"": 0.999, ""ev"": 0.8227011306288838, ""projection"": 29.441294869478124, ""start_time"": ""2026-09-25T16:00:00.000-04:00""}, {""projection_id"": ""15200465"", ""player"": ""kauez"", ""team"": ""BESTIA"", ""opponent"": ""M80"", ""sport"": ""cs2"", ""stat_type"": ""MAPS 1-2 Kills"", ""line"": 24.0, ""lean"": ""OVER"", ""prob"": 0.999, ""ev"": 0.8216511306288838, ""projection"": 29.64679350065158, ""start_time"": ""2026-09-25T16:00:00.000-04:00""}, {""projection_id"": ""15200557"", ""player"": ""lenci"", ""team"": ""Procyon"", ""opponent"": ""QUINTESS\u00caNCIA"", ""sport"": ""cs2"", ""stat_type"": ""MAPS 1-2 Kills"", ""line"": 32.5, ""lean"": ""UNDER"", ""prob"": 0.999, ""ev"": 0.7765011306288838, ""projection"": 29.247332673240575, ""start_time"": ""2026-09-25T09:00:00.000-04:00""}]","https://app.prizepicks.com/?projections=15198662-o-24,15200465-o-24,15200557-u-32.5"
6,2026-09-25T13:04:47+00:00,prizepicks,POWER,3,4.982017994,0.997002999,"[{""projection_id"": ""15200468"", ""player"": ""cass1n"", ""team"": ""BESTIA"", ""opponent"": ""M80"", ""sport"": ""cs2"", ""stat_type"": ""MAPS 1-2 Kills"", ""line"": 25.5, ""lean"": ""OVER"", ""prob"": 0.999, ""ev"": 0.7765011306288838, ""projection"": 28.694036127302265, ""start_time"": ""2026-09-25T16:00:00.000-04:00""}, {""projection_id"": ""15201739"", ""player"": ""pepe"", ""team"": ""Bounty Hunters"", ""opponent"": ""Yawara"", ""sport"": ""cs2"", ""stat_type"": ""MAPS 1-2 Kills"", ""line"": 31.5, ""lean"": ""UNDER"", ""prob"": 0.999, ""ev"": 0.7765011306288838, ""projection"": 27.938391927737545, ""start_time"": ""2026-09-25T09:00:00.000-04:00""}, {""projection_id"": ""15213664"", ""player"": ""z4KR"", ""team"": ""Lynn Vision"", ""opponent"": NaN, ""sport"": ""cs2"", ""stat_type"": ""MAPS 1-2 Kills"", ""line"": 32.5, ""lean"": ""UNDER"", ""prob"": 0.999, ""ev"": 0.7765011306288838, ""projection"": 28.374275610298614, ""start_time"": ""2026-09-25T09:00:00.000-04:00""}]","https://app.prizepicks.com/?projections=15200468-o-25.5,15201739-u-31.5,15213664-u-32.5"
7,2026-09-25T13:11:30+00:00,prizepicks,POWER,3,2.3470801354566566,0.5578466892427761,"[{""projection_id"": ""15215017"", ""player"": ""PKL"", ""team"": ""Galorys"", ""opponent"": NaN, ""sport"": ""cs2"", ""stat_type"": ""MAPS 1-2 Kills"", ""line"": 25.5, ""lean"": ""OVER"", ""prob"": 0.9714107721680774, ""ev"": 0.727439774836503, ""projection"": 27.893446476886197, ""start_time"": ""2026-09-25T17:00:00.000-04:00""}, {""projection_id"": ""15194516"", ""player"": ""tENZY"", ""team"": ""magic"", ""opponent"": ""EYEBALLERS"", ""sport"": ""cs2"", ""stat_type"": ""MAPS 1-2 Headshots"", ""line"": 21.0, ""lean"": ""UNDER"", ""prob"": 0.7444924114153344, ""ev"": 0.3739655261501157, ""projection"": 17.579476724026833, ""start_time"": ""2026-09-25T11:00:00.000-04:00""}, {""projection_id"": ""15213084"", ""player"": ""jabbi"", ""team"": ""Astralis"", ""opponent"": ""Betclic"", ""sport"": ""cs2"", ""stat_type"": ""MAPS 1-2 Headshots"", ""line"": 21.5, ""lean"": ""UNDER"", ""prob"": 0.7713503295912835, ""ev"": 0.3716764090389162, ""projection"": 18.00295637835699, ""start_time"": ""2026-09-25T10:00:00.000-04:00""}]","https://app.prizepicks.com/?projections=15215017-o-25.5,15194516-u-21,15213084-u-21.5"
8,2026-09-25T13:11:30+00:00,prizepicks,POWER,3,2.3267340555525777,0.5544556759254297,"[{""projection_id"": ""15201749"", ""player"": ""PKL"", ""team"": ""Galorys"", ""opponent"": ""Keyd Stars"", ""sport"": ""cs2"", ""stat_type"": ""MAPS 1-2 Kills"", ""line"": 25.5, ""lean"": ""OVER"", ""prob"": 0.957160216434052, ""ev"": 0.7020983049930737, ""projection"": 27.887611204970803, ""start_time"": ""2026-09-25T12:30:00.000-04:00""}, {""projection_id"": ""15198672"", ""player"": ""nosraC"", ""team"": ""Voca"", ""opponent"": ""DENDELE"", ""sport"": ""cs2"", ""stat_type"": ""MAPS 1-2 Headshots"", ""line"": 12.5, ""lean"": ""OVER"", ""prob"": 0.7621717918607451, ""ev"": 0.35535440437843446, ""projection"": 16.728982522600518, ""start_time"": ""2026-09-25T16:00:00.000-04:00""}, {""projection_id"": ""15194514"", ""player"": ""JW"", ""team"": ""EYEBALLERS"", ""opponent"": ""magic"", ""sport"": ""cs2"", ""stat_type"": ""MAPS 1-2 Kills"", ""line"": 26.5, ""lean"": ""OVER"", ""prob"": 0.760027528780015, ""ev"": 0.3515413054922655, ""projection"": 28.858013182192476, ""start_time"": ""2026-09-25T11:00:00.000-04:00""}]","https://app.prizepicks.com/?projections=15201749-o-25.5,15198672-o-12.5,15194514-o-26.5"
9,2026-09-25T13:11:30+00:00,prizepicks,POWER,3,1.1962758423694226,0.3660459737282371,"[{""projection_id"": ""15200465"", ""player"": ""kauez"", ""team"": ""BESTIA"", ""opponent"": ""M80"", ""sport"": ""cs2"", ""stat_type"": ""MAPS 1-2 Kills"", ""line"": 24.0, ""lean"": ""OVER"", ""prob"": 0.729663101656077, ""ev"": 0.3426948699401391, ""projection"": 29.64679350065158, ""start_time"": ""2026-09-25T16:00:00.000-04:00""}, {""projection_id"": ""15198662"", ""player"": ""nosraC"", ""team"": ""Voca"", ""opponent"": ""DENDELE"", ""sport"": ""cs2"", ""stat_type"": ""MAPS 1-2 Kills"", ""line"": 24.0, ""lean"": ""OVER"", ""prob"": 0.7204569340754098, ""ev"": 0.32737373168607076, ""projection"": 29.441294869478124, ""start_time"": ""2026-09-25T16:00:00.000-04:00""}, {""projection_id"": ""15194525"", ""player"": ""Ro1f"", ""team"": ""EYEBALLERS"", ""opponent"": ""magic"", ""sport"": ""cs2"", ""stat_type"": ""MAPS 1-2 Headshots"", ""line"": 13.0, ""lean"": ""OVER"", ""prob"": 0.6963141548051845, ""ev"": 0.30579112440871464, ""projection"": 16.820736989650285, ""start_time"": ""2026-09-25T11:00:00.000-04:00""}]","https://app.prizepicks.com/?projections=15200465-o-24,15198662-o-24,15194525-o-13"
10,2026-09-25T13:17:55+00:00,prizepicks,POWER,3,1.6261290665419064,0.43768817775698443,"[{""projection_id"": ""15194516"", ""player"": ""tENZY"", ""team"": ""magic"", ""opponent"": ""EYEBALLERS"", ""sport"": ""cs2"", ""stat_type"": ""MAPS 1-2 Headshots"", ""line"": 21.0, ""lean"": ""UNDER"", ""prob"": 0.7444924114153344, ""ev"": 0.3739655261501157, ""projection"": 17.579476724026833, ""start_time"": ""2026-09-25T11:00:00.000-04:00""}, {""projection_id"": ""15213084"", ""player"": ""jabbi"", ""team"": ""Astralis"", ""opponent"": ""Betclic"", ""sport"": ""cs2"", ""stat_type"": ""MAPS 1-2 Headshots"", ""line"": 21.5, ""lean"": ""UNDER"", ""prob"": 0.7713503295912835, ""ev"": 0.3716764090389162, ""projection"": 18.00295637835699, ""start_time"": ""2026-09-25T10:00:00.000-04:00""}, {""projection_id"": ""15198672"", ""player"": ""nosraC"", ""team"": ""Voca"", ""opponent"": ""DENDELE"", ""sport"": ""cs2"", ""stat_type"": ""MAPS 1-2 Headshots"", ""line"": 12.5, ""lean"": ""OVER"", ""prob"": 0.7621717918607451, ""ev"": 0.35535440437843446, ""projection"": 16.728982522600518, ""start_time"": ""2026-09-25T16:00:00.000-04:00""}]","https://app.prizepicks.com/?projections=15194516-u-21,15213084-u-21.5,15198672-o-12.5"
11,2026-09-25T13:17:55+00:00,prizepicks,POWER,3,1.1962758423694226,0.3660459737282371,"[{""projection_id"": ""15200465"", ""player"": ""kauez"", ""team"": ""BESTIA"", ""opponent"": ""M80"", ""sport"": ""cs2"", ""stat_type"": ""MAPS 1-2 Kills"", ""line"": 24.0, ""lean"": ""OVER"", ""prob"": 0.729663101656077, ""ev"": 0.3426948699401391, ""projection"": 29.64679350065158, ""start_time"": ""2026-09-25T16:00:00.000-04:00""}, {""projection_id"": ""15198662"", ""player"": ""nosraC"", ""team"": ""Voca"", ""opponent"": ""DENDELE"", ""sport"": ""cs2"", ""stat_type"": ""MAPS 1-2 Kills"", ""line"": 24.0, ""lean"": ""OVER"", ""prob"": 0.7204569340754098, ""ev"": 0.32737373168607076, ""projection"": 29.441294869478124, ""start_time"": ""2026-09-25T16:00:00.000-04:00""}, {""projection_id"": ""15194525"", ""player"": ""Ro1f"", ""team"": ""EYEBALLERS"", ""opponent"": ""magic"", ""sport"": ""cs2"", ""stat_type"": ""MAPS 1-2 Headshots"", ""line"": 13.0, ""lean"": ""OVER"", ""prob"": 0.6963141548051845, ""ev"": 0.30579112440871464, ""projection"": 16.820736989650285, ""start_time"": ""2026-09-25T11:00:00.000-04:00""}]","https://app.prizepicks.com/?projections=15200465-o-24,15198662-o-24,15194525-o-13"
12,2026-09-25T13:17:55+00:00,prizepicks,POWER,3,1.1634276161950143,0.3605712693658357,"[{""projection_id"": ""15200477"", ""player"": ""drop"", ""team"": ""BESTIA"", ""opponent"": ""M80"", ""sport"": ""cs2"", ""stat_type"": ""MAPS 1-2 Headshots"", ""line"": 16.0, ""lean"": ""UNDER"", ""prob"": 0.7047115228694634, ""ev"": 0.3195739911359402, ""projection"": 13.649695865712786, ""start_time"": ""2026-09-25T16:00:00.000-04:00""}, {""projection_id"": ""15194538"", ""player"": ""FL4MUS"", ""team"": ""GamerLegion"", ""opponent"": ""K27"", ""sport"": ""cs2"", ""stat_type"": ""MAPS 1-2 Headshots"", ""line"": 20.0, ""lean"": ""UNDER"", ""prob"": 0.701484771709126, ""ev"": 0.3043859259861931, ""projection"": 17.375147889765408, ""start_time"": ""2026-09-25T14:00:00.000-04:00""}, {""projection_id"": ""15213664"", ""player"": ""z4KR"", ""team"": ""Lynn Vision"", ""opponent"": NaN, ""sport"": ""cs2"", ""stat_type"": ""MAPS 1-2 Kills"", ""line"": 32.5, ""lean"": ""UNDER"", ""prob"": 0.729392844535213, ""ev"": 0.2970642772666904, ""projection"": 28.374275610298614, ""start_time"": ""2026-09-25T09:00:00.000-04:00""}]","https://app.prizepicks.com/?projections=15200477-u-16,15194538-u-20,15213664-u-32.5"
13,2026-09-25T13:20:01+00:00,prizepicks,POWER,3,0.9730750909133652,0.32884584848556087,"[{""projection_id"": ""15194516"", ""player"": ""tENZY"", ""team"": ""magic"", ""opponent"": ""EYEBALLERS"", ""sport"": ""cs2"", ""stat_type"": ""MAPS 1-2 Headshots"", ""line"": 21.0, ""lean"": ""UNDER"", ""prob"": 0.692545543696567, ""ev"": 0.28773948086981604, ""projection"": 18.434607543020125, ""start_time"": ""2026-09-25T11:00:00.000-04:00""}, {""projection_id"": ""15213084"", ""player"": ""jabbi"", ""team"": ""Astralis"", ""opponent"": ""Betclic"", ""sport"": ""cs2"", ""stat_type"": ""MAPS 1-2 Headshots"", ""line"": 21.5, ""lean"": ""UNDER"", ""prob"": 0.7227337905084029, ""ev"": 0.28522261860047715, ""projection"": 18.877217283767745, ""start_time"": ""2026-09-25T10:00:00.000-04:00""}, {""projection_id"": ""15200477"", ""player"": ""drop"", ""team"": ""BESTIA"", ""opponent"": ""M80"", ""sport"": ""cs2"", ""stat_type"": ""MAPS 1-2 Headshots"", ""line"": 16.0, ""lean"": ""UNDER"", ""prob"": 0.6570004459152434, ""ev"": 0.24198036535746825, ""projection"": 14.23727189928459, ""start_time"": ""2026-09-25T16:00:00.000-04:00""}]","https://app.prizepicks.com/?projections=15194516-u-21,15213084-u-21.5,15200477-u-16"
14,2026-09-25T13:20:01+00:00,prizepicks,POWER,3,0.8256619548996661,0.30427699248327766,"[{""projection_id"": ""15198672"", ""player"": ""nosraC"", ""team"": ""Voca"", ""opponent"": ""DENDELE"", ""sport"": ""cs2"", ""stat_type"": ""MAPS 1-2 Headshots"", ""line"": 12.5, ""lean"": ""OVER"", ""prob"": 0.6967326500799981, ""ev"": 0.23898532593911415, ""projection"": 15.671736891950388, ""start_time"": ""2026-09-25T16:00:00.000-04:00""}, {""projection_id"": ""15200465"", ""player"": ""kauez"", ""team"": ""BESTIA"", ""opponent"": ""M80"", ""sport"": ""cs2"", ""stat_type"": ""MAPS 1-2 Kills"", ""line"": 24.0, ""lean"": ""OVER"", ""prob"": 0.665824356733134, ""ev"": 0.2354217442809427, ""projection"": 28.235095125488684, ""start_time"": ""2026-09-25T16:00:00.000-04:00""}, {""projection_id"": ""15194538"", ""player"": ""FL4MUS"", ""team"": ""GamerLegion"", ""opponent"": ""K27"", ""sport"": ""cs2"", ""stat_type"": ""MAPS 1-2 Headshots"", ""line"": 20.0, ""lean"": ""UNDER"", ""prob"": 0.6559085226450135, ""ev"": 0.22958862068867614, ""projection"": 18.031360917324054, ""start_time"": ""2026-09-25T14:00:00.000-04:00""}]","https://app.prizepicks.com/?projections=15198672-o-12.5,15200465-o-24,15194538-u-20"
15,2026-09-25T13:44:37+00:00,prizepicks,POWER,3,0.6748674641424873,0.2791445773570812,"[{""projection_id"": ""14893672"", ""player"": ""Darker"", ""team"": ""LOUD"", ""opponent"": ""EDward Gaming"", ""sport"": ""val"", ""stat_type"": ""MAPS 1-2 Kills"", ""line"": 31.5, ""lean"": ""UNDER"", ""prob"": 0.6827745192446268, ""ev"": 0.2141638692719442, ""projection"": 28.6533208266909, ""start_time"": ""2026-09-26T08:00:00.000-04:00""}, {""projection_id"": ""14893692"", ""player"": ""BerLIN"", ""team"": ""JD Gaming"", ""opponent"": ""FUT Esports"", ""sport"": ""val"", ""stat_type"": ""MAPS 1-2 Kills"", ""line"": 24.0, ""lean"": ""OVER"", ""prob"": 0.6448123000434349, ""ev"": 0.20115643650708026, ""projection"": 27.672443045200964, ""start_time"": ""2026-09-27T08:00:00.000-04:00""}, {""projection_id"": ""15193863"", ""player"": ""Scales"", ""team"": ""TYLOO"", ""opponent"": ""Team Liquid"", ""sport"": ""val"", ""stat_type"": ""MAPS 1-2 Kills"", ""line"": 26.0, ""lean"": ""OVER"", ""prob"": 0.6340428031619594, ""ev"": 0.18065526194627396, ""projection"": 29.649155296795982, ""start_time"": ""2026-10-01T05:00:00.000-04:00""}]","https://app.prizepicks.com/?projections=14893672-u-31.5,14893692-o-24,15193863-o-26"
16,2026-09-25T13:44:37+00:00,prizepicks,POWER,3,0.6946538062237086,0.2824423010372848,"[{""projection_id"": ""14893693"", ""player"": ""Yuicaw"", ""team"": ""JD Gaming"", ""opponent"": ""FUT Esports"", ""sport"": ""val"", ""stat_type"": ""MAPS 1-2 Kills"", ""line"": 27.5, ""lean"": ""OVER"", ""prob"": 0.66674688023209, ""ev"": 0.18566224882441318, ""projection"": 31.369366715698735, ""start_time"": ""2026-09-27T08:00:00.000-04:00""}, {""projection_id"": ""14893676"", ""player"": ""nobody"", ""team"": ""EDward Gaming"", ""opponent"": ""LOUD"", ""sport"": ""val"", ""stat_type"": ""MAPS 1-2 Kills"", ""line"": 25.5, ""lean"": ""OVER"", ""prob"": 0.6663883160976294, ""ev"": 0.18502462160692357, ""projection"": 29.17443541109952, ""start_time"": ""2026-09-26T08:00:00.000-04:00""}, {""projection_id"": ""15193864"", ""player"": ""slowly"", ""team"": ""TYLOO"", ""opponent"": ""Team Liquid"", ""sport"": ""val"", ""stat_type"": ""MAPS 1-2 Kills"", ""line"": 30.5, ""lean"": ""OVER"", ""prob"": 0.6356841380942138, ""ev"": 0.13042401406127957, ""projection"": 33.99209592087857, ""start_time"": ""2026-10-01T05:00:00.000-04:00""}]","https://app.prizepicks.com/?projections=14893693-o-27.5,14893676-o-25.5,15193864-o-30.5"
17,2026-09-25T13:45:10+00:00,prizepicks,FLEX,4,0.9881419977407305,0.6380750800443693,"[{""projection_id"": ""15194516"", ""player"": ""tENZY"", ""team"": ""magic"", ""opponent"": ""EYEBALLERS"", ""sport"": ""cs2"", ""stat_type"": ""MAPS 1-2 Headshots"", ""line"": 21.0, ""lean"": ""UNDER"", ""prob"": 0.692545543696567, ""ev"": 0.28773948086981604, ""projection"": 18.434607543020125, ""start_time"": ""2026-09-25T13:00:00.000-04:00""}, {""projection_id"": ""15213084"", ""player"": ""jabbi"", ""team"": ""Astralis"", ""opponent"": ""Betclic"", ""sport"": ""cs2"", ""stat_type"": ""MAPS 1-2 Headshots"", ""line"": 21.5, ""lean"": ""UNDER"", ""prob"": 0.7227337905084029, ""ev"": 0.28522261860047715, ""projection"": 18.877217283767745, ""start_time"": ""2026-09-25T10:00:00.000-04:00""}, {""projection_id"": ""15200477"", ""player"": ""drop"", ""team"": ""BESTIA"", ""opponent"": ""M80"", ""sport"": ""cs2"", ""stat_type"": ""MAPS 1-2 Headshots"", ""line"": 16.0, ""lean"": ""UNDER"", ""prob"": 0.6570004459152434, ""ev"": 0.24198036535746825, ""projection"": 14.23727189928459, ""start_time"": ""2026-09-25T16:00:00.000-04:00""}, {""projection_id"": ""15198672"", ""player"": ""nosraC"", ""team"": ""Voca"", ""opponent"": ""DENDELE"", ""sport"": ""cs2"", ""stat_type"": ""MAPS 1-2 Headshots"", ""line"": 12.5, ""lean"": ""OVER"", ""prob"": 0.6967326500799981, ""ev"": 0.23898532593911415, ""projection"": 15.671736891950388, ""start_time"": ""2026-09-25T16:00:00.000-04:00""}]","https://app.prizepicks.com/?projections=15194516-u-21,15213084-u-21.5,15200477-u-16,15198672-o-12.5"
18,2026-09-25T13:45:10+00:00,prizepicks,FLEX,4,0.7713497727410681,0.5912562423368745,"[{""projection_id"": ""15200465"", ""player"": ""kauez"", ""team"": ""BESTIA"", ""opponent"": ""M80"", ""sport"": ""cs2"", ""stat_type"": ""MAPS 1-2 Kills"", ""line"": 24.0, ""lean"": ""OVER"", ""prob"": 0.665824356733134, ""ev"": 0.2354217442809427, ""projection"": 28.235095125488684, ""start_time"": ""2026-09-25T16:00:00.000-04:00""}, {""projection_id"": ""15194538"", ""player"": ""FL4MUS"", ""team"": ""GamerLegion"", ""opponent"": ""K27"", ""sport"": ""cs2"", ""stat_type"": ""MAPS 1-2 Headshots"", ""line"": 20.0, ""lean"": ""UNDER"", ""prob"": 0.6559085226450135, ""ev"": 0.22958862068867614, ""projection"": 18.031360917324054, ""start_time"": ""2026-09-25T14:00:00.000-04:00""}, {""projection_id"": ""15198662"", ""player"": ""nosraC"", ""team"": ""Voca"", ""opponent"": ""DENDELE"", ""sport"": ""cs2"", ""stat_type"": ""MAPS 1-2 Kills"", ""line"": 24.0, ""lean"": ""OVER"", ""prob"": 0.6591558056526193, ""ev"": 0.2232631971996708, ""projection"": 28.080971152108592, ""start_time"": ""2026-09-25T16:00:00.000-04:00""}, {""projection_id"": ""14893672"", ""player"": ""Darker"", ""team"": ""LOUD"", ""opponent"": ""EDward Gaming"", ""sport"": ""val"", ""stat_type"": ""MAPS 1-2 Kills"", ""line"": 31.5, ""lean"": ""UNDER"", ""prob"": 0.6827745192446268, ""ev"": 0.2141638692719442, ""projection"": 28.6533208266909, ""start_time"": ""2026-09-26T08:00:00.000-04:00""}]","https://app.prizepicks.com/?projections=15200465-o-24,15194538-u-20,15198662-o-24,14893672-u-31.5"
