book,projection_id,used_at
prizepicks,15232610,2026-09-26T00:17:23+00:00
prizepicks,15234206,2026-09-26T00:17:23+00:00
prizepicks,15234792,2026-09-26T00:17:23+00:00
prizepicks,14893672,2026-09-26T00:17:23+00:00
prizepicks,15269038,2026-09-27T00:11:54+00:00
prizepicks,15269018,2026-09-27T00:11:54+00:00
prizepicks,15262792,2026-09-27T00:11:54+00:00
prizepicks,15269007,2026-09-27T00:11:54+00:00
prizepicks,15261120,2026-09-27T01:45:47+00:00
prizepicks,15261122,2026-09-27T01:45:47+00:00
prizepicks,15261139,2026-09-27T01:45:47+00:00
prizepicks,15261134,2026-09-27T01:45:47+00:00
prizepicks,15244014,2026-09-27T01:50:11+00:00
prizepicks,15244008,2026-09-27T01:50:11+00:00
prizepicks,15261141,2026-09-27T01:50:11+00:00
prizepicks,15261119,2026-09-27T01:50:11+00:00
